{
	"format_version": "1.21.6",
	"credit": "Made with Blockbench",
	"texture_size": [64, 64],
	"textures": {
		"1": "decals:block/decal_bench_side",
		"2": "decals:block/decal_bench_bottom",
		"3": "decals:block/decal_bench_top"
	},
	"elements": [
		{
			"from": [0, -8.2, 0],
			"to": [16, 5.8, 16],
			"rotation": {"angle": 0, "axis": "y", "origin": [0, -8.2, 0]},
			"faces": {
				"north": {"uv": [0, 2, 16, 16], "texture": "#1"},
				"east": {"uv": [0, 2, 16, 16], "texture": "#1"},
				"south": {"uv": [0, 2, 16, 16], "texture": "#1"},
				"west": {"uv": [0, 2, 16, 16], "texture": "#1"},
				"up": {"uv": [16, 16, 0, 0], "texture": "#3"},
				"down": {"uv": [16, 0, 0, 16], "texture": "#2"}
			}
		}
	],
	"display": {
		"thirdperson_righthand": {
			"rotation": [70, 44, 0],
			"translation": [0, 3.25, 2.25],
			"scale": [0.4, 0.4, 0.4]
		},
		"thirdperson_lefthand": {
			"rotation": [70, 44, 0],
			"translation": [0, 3.25, 2.25],
			"scale": [0.4, 0.4, 0.4]
		},
		"firstperson_righthand": {
			"rotation": [0, 31, 0],
			"translation": [-1.25, 4, 0.5],
			"scale": [0.45, 0.45, 0.45]
		},
		"firstperson_lefthand": {
			"rotation": [0, 31, 0],
			"translation": [-1.25, 4, 0.5],
			"scale": [0.45, 0.45, 0.45]
		},
		"ground": {
			"translation": [0, 7.75, 0],
			"scale": [0.35, 0.35, 0.35]
		},
		"gui": {
			"rotation": [30, 45, 0],
			"translation": [0, 5.25, 0],
			"scale": [0.65, 0.65, 0.65]
		},
		"head": {
			"translation": [0, 22.25, 0]
		},
		"fixed": {
			"translation": [0, 9.5, 1.5]
		}
	}
}