{
  "type": "minecraft:crafting_shaped",
  "key": {
    "A": "minecraft:paper",
    "B": "minecraft:iron_axe",
    "C": "minecraft:slime_ball"
  },
  "pattern": [
    "CAC",
    "ABA",
    "CAC"
  ],
  "result": {
    "components": {
      "minecraft:item_model": "decals:default_decal",
      "minecraft:item_name": {
        "translate": "item.default_decal",
        "fallback": "Decal",
        "color": "white"
      },
      "minecraft:lore": [
        {
          "text": "",
          "extra": [
            {
              "text": " Decals",
              "color": "white",
              "font": "decals:tooltip",
              "italic": false
            }
          ],
          "color": "white",
          "font": "decals:decals_icon",
          "italic": false
        },
        {
          "text": " "
        },
        {
          "text": "Decal: ",
          "extra": [
            {
              "text": "Cleaver",
              "color": "gray",
              "italic": false
            }
          ],
          "color": "dark_aqua",
          "italic": false
        }
      ],
      "minecraft:custom_data": {
        "decals.decal": "decals:meat_cleaver",
        "decal": 1
      }
    },
    "count": 1,
    "id": "minecraft:structure_block"
  }
}