{
  "type": "minecraft:crafting_shaped",
  "category": "misc",
  "key": {
    "#": "minecraft:copper_ingot",
    "+": "#minecraft:wool_carpets",
    "-": "#minecraft:wool"
  },
  "pattern": [
    " + ",
    "-#-",
    "###"
  ],
  "result": {
    "components": {
      "minecraft:container": [
        {
          "slot": 0,
          "item": {
            "id": "minecraft:snowball",
            "components": {
              "minecraft:custom_data": "{decals:1b}"
            },
            "count": 1
          }
        }
      ],
      "minecraft:item_model": "decals:decal_bench",
      "minecraft:item_name": {
        "translate": "block.decal_bench",
        "fallback": "Decal Bench"
      },
      "minecraft:lore": [
        [
          {
            "color": "white",
            "font": "decals:decals_icon",
            "italic": false,
            "text": ""
          },
          {
            "color": "white",
            "font": "decals:tooltip",
            "italic": false,
            "text": " Decals"
          }
        ]
      ],
      "minecraft:tooltip_display": {
        "hidden_components": [
          "minecraft:attribute_modifiers",
          "minecraft:container"
        ]
      }
    },
    "count": 1,
    "id": "minecraft:furnace"
  }
}