{
  "display": {
    "icon": {
      "id": "minecraft:brush"
    },
    "title": {
      "translate": "advancements.decals.brushaway.title"
    },
    "description": {
      "translate": "advancements.decals.brushaway.description"
    },
    "show_toast": true,
    "announce_to_chat": true
  },
  "parent": "decals:decals/sticky_bench",
  "criteria": {
    "unabtainable": {
      "trigger": "minecraft:impossible"
    }
  },
  "requirements": [
    [
      "unabtainable"
    ]
  ]
}