{ 
  "criteria": {
    "get_egg": {
      "trigger": "minecraft:inventory_changed",
      "conditions": {
        "items": [
          {
            "items": "minecraft:sniffer_egg"
          }
        ]
      }
    }
  },
  "display": {
    "icon": {
      "id": "minecraft:sniffer_egg",
      "components": {}
    },
    "title": {
      "translate": "advancements.decals.lost_and_found.title"
    },
    "description": {
      "translate": "advancements.decals.lost_and_found.description"
    },
    "show_toast": true,
    "announce_to_chat": false
  },
  "parent": "decals:decals/sticky_bench",
  "requirements": [
    [
      "get_egg"
    ]
  ]
}