{
  "criteria": {
    "get_copper": {
      "trigger": "minecraft:inventory_changed",
      "conditions": {
        "items": [
          {
            "items": "minecraft:copper_ingot"
          }
        ]
      }
    }
  },
  "display": {
    "frame": "task",
    "announce_to_chat": false,
    "background": "minecraft:block/chiseled_copper",
    "description": {
      "translate": "advancements.decals.root.description"
    },
    "icon": {
      "count": 1,
      "id": "minecraft:copper_ingot"
    },
    "show_toast": true,
    "title": {
      "translate": "advancements.decals.root.title"
    }
  },
  "requirements": [
    [
      "get_copper"
    ]
  ],
  "rewards": {
    "function": "decals:player/grant_bench_recipe",
    "recipes": []
  },
  "sends_telemetry_event": true
}