{
  "display": {
    "icon": {
      "id": "minecraft:dirt",
      "components": {
        "minecraft:item_model": "decals:default_decal"
      }
    },
    "title": {
      "translate": "advancements.decals.stickier_situation.title"
    },
    "description": {
      "translate": "advancements.decals.stickier_situation.description"
    },
    "show_toast": true,
    "announce_to_chat": true
  },
  "parent": "decals:decals/sticky_bench",
  "criteria": {
    "unabtainable": {
      "trigger": "minecraft:impossible"
    }
  },
  "requirements": [
    [
      "unabtainable"
    ]
  ]
}