{
  "display": {
    "icon": {
      "id": "minecraft:furnace",
      "components": {
        "minecraft:item_model": "decals:decal_bench"
      }
    },
    "title": {
      "translate": "advancements.decals.sticky_bench.title"
    },
    "description": {
      "translate": "advancements.decals.sticky_bench.description"
    }
  },
  "parent": "decals:decals/root",
  "criteria": {
    "get_decal_bench": {
      "trigger": "minecraft:inventory_changed",
      "conditions": {
        "items": [
          {
            "items": "minecraft:furnace",
            "components": {
              "minecraft:item_model": "decals:decal_bench"
            }
          }
        ]
      }
    }
  },
  "requirements": [
    [
      "get_decal_bench"
    ]
  ],
  "rewards": {
    "function": "decals:player/grant_decal_recipes"
  }
}