{
  "type": "minecraft:gift",
  "pools": [
    {
      "bonus_rolls": 0,
      "entries": [
        {
          "type": "minecraft:item",
          "name": "minecraft:torchflower_seeds"
        },
        {
          "type": "minecraft:item",
          "name": "minecraft:torchflower_seeds"
        },
        {
          "type": "minecraft:item",
          "name": "minecraft:pitcher_pod"
        },
        {
          "type": "minecraft:item",
          "name": "minecraft:pitcher_pod"
        },
        {
          "type": "minecraft:item",
          "name": "minecraft:structure_block",
          "conditions": [],
          "functions": [
            {
              "function": "minecraft:set_components",
              "components": {
                "minecraft:item_model": "decals:default_decal",
                "minecraft:item_name": {
                  "translate": "item.default_decal",
                  "fallback": "Default Decal",
                  "color": "white"
                },
                "minecraft:custom_data": {
                  "decals.decal": "decals:zombie_arm",
                  "decal": 1
                },
                "minecraft:lore": [
                  {
                    "text": "",
                    "extra": [
                      {
                        "text": " Decals",
                        "color": "white",
                        "font": "decals:tooltip",
                        "italic": false
                      }
                    ],
                    "color": "white",
                    "font": "decals:decals_icon",
                    "italic": false
                  },
                  {
                    "text": " "
                  },
                  {
                    "text": "Decal: ",
                    "extra": [
                      {
                        "text": "Zombie Arm",
                        "color": "gray",
                        "italic": false
                      }
                    ],
                    "color": "dark_aqua",
                    "italic": false
                  }
                ]
              }
            }
          ]
        },
        {
          "type": "minecraft:item",
          "name": "minecraft:structure_block",
          "conditions": [],
          "functions": [
            {
              "function": "minecraft:set_components",
              "components": {
                "minecraft:item_model": "decals:default_decal",
                "minecraft:item_name": {
                  "translate": "item.default_decal",
                  "fallback": "Default Decal",
                  "color": "white"
                },
                "minecraft:custom_data": {
                  "decals.decal": "decals:war_axe",
                  "decal": 1
                },
                "minecraft:lore": [
                  {
                    "text": "",
                    "extra": [
                      {
                        "text": " Decals",
                        "color": "white",
                        "font": "decals:tooltip",
                        "italic": false
                      }
                    ],
                    "color": "white",
                    "font": "decals:decals_icon",
                    "italic": false
                  },
                  {
                    "text": " "
                  },
                  {
                    "text": "Decal: ",
                    "extra": [
                      {
                        "text": "Waraxe",
                        "color": "gray",
                        "italic": false
                      }
                    ],
                    "color": "dark_aqua",
                    "italic": false
                  }
                ]
              }
            }
          ]
        }
      ],
      "rolls": 1,
      "functions": [],
      "conditions": []
    }
  ],
  "random_sequence": "minecraft:gameplay/sniffer_digging"
}